--
-- Файл сгенерирован с помощью SQLiteStudio v3.4.4 в Пт май 17 20:15:34 2024
--
-- Использованная кодировка текста: System
--
PRAGMA foreign_keys = off;
BEGIN TRANSACTION;

-- Таблица: auth_group
CREATE TABLE IF NOT EXISTS "auth_group" ("id" integer NOT NULL PRIMARY KEY AUTOINCREMENT, "name" varchar(150) NOT NULL UNIQUE);

-- Таблица: auth_group_permissions
CREATE TABLE IF NOT EXISTS "auth_group_permissions" ("id" integer NOT NULL PRIMARY KEY AUTOINCREMENT, "group_id" integer NOT NULL REFERENCES "auth_group" ("id") DEFERRABLE INITIALLY DEFERRED, "permission_id" integer NOT NULL REFERENCES "auth_permission" ("id") DEFERRABLE INITIALLY DEFERRED);

-- Таблица: auth_permission
CREATE TABLE IF NOT EXISTS "auth_permission" ("id" integer NOT NULL PRIMARY KEY AUTOINCREMENT, "content_type_id" integer NOT NULL REFERENCES "django_content_type" ("id") DEFERRABLE INITIALLY DEFERRED, "codename" varchar(100) NOT NULL, "name" varchar(255) NOT NULL);
INSERT INTO auth_permission (id, content_type_id, codename, name) VALUES (1, 1, 'add_logentry', 'Can add log entry');
INSERT INTO auth_permission (id, content_type_id, codename, name) VALUES (2, 1, 'change_logentry', 'Can change log entry');
INSERT INTO auth_permission (id, content_type_id, codename, name) VALUES (3, 1, 'delete_logentry', 'Can delete log entry');
INSERT INTO auth_permission (id, content_type_id, codename, name) VALUES (4, 1, 'view_logentry', 'Can view log entry');
INSERT INTO auth_permission (id, content_type_id, codename, name) VALUES (5, 2, 'add_permission', 'Can add permission');
INSERT INTO auth_permission (id, content_type_id, codename, name) VALUES (6, 2, 'change_permission', 'Can change permission');
INSERT INTO auth_permission (id, content_type_id, codename, name) VALUES (7, 2, 'delete_permission', 'Can delete permission');
INSERT INTO auth_permission (id, content_type_id, codename, name) VALUES (8, 2, 'view_permission', 'Can view permission');
INSERT INTO auth_permission (id, content_type_id, codename, name) VALUES (9, 3, 'add_group', 'Can add group');
INSERT INTO auth_permission (id, content_type_id, codename, name) VALUES (10, 3, 'change_group', 'Can change group');
INSERT INTO auth_permission (id, content_type_id, codename, name) VALUES (11, 3, 'delete_group', 'Can delete group');
INSERT INTO auth_permission (id, content_type_id, codename, name) VALUES (12, 3, 'view_group', 'Can view group');
INSERT INTO auth_permission (id, content_type_id, codename, name) VALUES (13, 4, 'add_user', 'Can add user');
INSERT INTO auth_permission (id, content_type_id, codename, name) VALUES (14, 4, 'change_user', 'Can change user');
INSERT INTO auth_permission (id, content_type_id, codename, name) VALUES (15, 4, 'delete_user', 'Can delete user');
INSERT INTO auth_permission (id, content_type_id, codename, name) VALUES (16, 4, 'view_user', 'Can view user');
INSERT INTO auth_permission (id, content_type_id, codename, name) VALUES (17, 5, 'add_contenttype', 'Can add content type');
INSERT INTO auth_permission (id, content_type_id, codename, name) VALUES (18, 5, 'change_contenttype', 'Can change content type');
INSERT INTO auth_permission (id, content_type_id, codename, name) VALUES (19, 5, 'delete_contenttype', 'Can delete content type');
INSERT INTO auth_permission (id, content_type_id, codename, name) VALUES (20, 5, 'view_contenttype', 'Can view content type');
INSERT INTO auth_permission (id, content_type_id, codename, name) VALUES (21, 6, 'add_session', 'Can add session');
INSERT INTO auth_permission (id, content_type_id, codename, name) VALUES (22, 6, 'change_session', 'Can change session');
INSERT INTO auth_permission (id, content_type_id, codename, name) VALUES (23, 6, 'delete_session', 'Can delete session');
INSERT INTO auth_permission (id, content_type_id, codename, name) VALUES (24, 6, 'view_session', 'Can view session');
INSERT INTO auth_permission (id, content_type_id, codename, name) VALUES (25, 7, 'add_team', 'Can add team');
INSERT INTO auth_permission (id, content_type_id, codename, name) VALUES (26, 7, 'change_team', 'Can change team');
INSERT INTO auth_permission (id, content_type_id, codename, name) VALUES (27, 7, 'delete_team', 'Can delete team');
INSERT INTO auth_permission (id, content_type_id, codename, name) VALUES (28, 7, 'view_team', 'Can view team');
INSERT INTO auth_permission (id, content_type_id, codename, name) VALUES (29, 8, 'add_project', 'Can add Проект');
INSERT INTO auth_permission (id, content_type_id, codename, name) VALUES (30, 8, 'change_project', 'Can change Проект');
INSERT INTO auth_permission (id, content_type_id, codename, name) VALUES (31, 8, 'delete_project', 'Can delete Проект');
INSERT INTO auth_permission (id, content_type_id, codename, name) VALUES (32, 8, 'view_project', 'Can view Проект');
INSERT INTO auth_permission (id, content_type_id, codename, name) VALUES (33, 9, 'add_projectad', 'Can add project ad');
INSERT INTO auth_permission (id, content_type_id, codename, name) VALUES (34, 9, 'change_projectad', 'Can change project ad');
INSERT INTO auth_permission (id, content_type_id, codename, name) VALUES (35, 9, 'delete_projectad', 'Can delete project ad');
INSERT INTO auth_permission (id, content_type_id, codename, name) VALUES (36, 9, 'view_projectad', 'Can view project ad');
INSERT INTO auth_permission (id, content_type_id, codename, name) VALUES (37, 10, 'add_art_diving', 'Can add Арт-дивинг');
INSERT INTO auth_permission (id, content_type_id, codename, name) VALUES (38, 10, 'change_art_diving', 'Can change Арт-дивинг');
INSERT INTO auth_permission (id, content_type_id, codename, name) VALUES (39, 10, 'delete_art_diving', 'Can delete Арт-дивинг');
INSERT INTO auth_permission (id, content_type_id, codename, name) VALUES (40, 10, 'view_art_diving', 'Can view Арт-дивинг');
INSERT INTO auth_permission (id, content_type_id, codename, name) VALUES (41, 11, 'add_naive_questions', 'Can add Наивные вопросы');
INSERT INTO auth_permission (id, content_type_id, codename, name) VALUES (42, 11, 'change_naive_questions', 'Can change Наивные вопросы');
INSERT INTO auth_permission (id, content_type_id, codename, name) VALUES (43, 11, 'delete_naive_questions', 'Can delete Наивные вопросы');
INSERT INTO auth_permission (id, content_type_id, codename, name) VALUES (44, 11, 'view_naive_questions', 'Can view Наивные вопросы');
INSERT INTO auth_permission (id, content_type_id, codename, name) VALUES (45, 12, 'add_art_cartel', 'Can add Арт-картель');
INSERT INTO auth_permission (id, content_type_id, codename, name) VALUES (46, 12, 'change_art_cartel', 'Can change Арт-картель');
INSERT INTO auth_permission (id, content_type_id, codename, name) VALUES (47, 12, 'delete_art_cartel', 'Can delete Арт-картель');
INSERT INTO auth_permission (id, content_type_id, codename, name) VALUES (48, 12, 'view_art_cartel', 'Can view Арт-картель');

-- Таблица: auth_user
CREATE TABLE IF NOT EXISTS "auth_user" ("id" integer NOT NULL PRIMARY KEY AUTOINCREMENT, "password" varchar(128) NOT NULL, "last_login" datetime NULL, "is_superuser" bool NOT NULL, "username" varchar(150) NOT NULL UNIQUE, "last_name" varchar(150) NOT NULL, "email" varchar(254) NOT NULL, "is_staff" bool NOT NULL, "is_active" bool NOT NULL, "date_joined" datetime NOT NULL, "first_name" varchar(150) NOT NULL);
INSERT INTO auth_user (id, password, last_login, is_superuser, username, last_name, email, is_staff, is_active, date_joined, first_name) VALUES (1, 'pbkdf2_sha256$720000$kQpo46Dh6nrnKAYQFFVWfc$za/UBcSjjcWP+UXQj5Pbiw3VClBGAEjp85n/mw2g7Xk=', '2024-05-13 15:14:16.029335', 1, 'admin_tz', '', 'tochkizreniya@inbox.ru', 1, 1, '2024-04-29 12:00:47.023002', '');

-- Таблица: auth_user_groups
CREATE TABLE IF NOT EXISTS "auth_user_groups" ("id" integer NOT NULL PRIMARY KEY AUTOINCREMENT, "user_id" integer NOT NULL REFERENCES "auth_user" ("id") DEFERRABLE INITIALLY DEFERRED, "group_id" integer NOT NULL REFERENCES "auth_group" ("id") DEFERRABLE INITIALLY DEFERRED);

-- Таблица: auth_user_user_permissions
CREATE TABLE IF NOT EXISTS "auth_user_user_permissions" ("id" integer NOT NULL PRIMARY KEY AUTOINCREMENT, "user_id" integer NOT NULL REFERENCES "auth_user" ("id") DEFERRABLE INITIALLY DEFERRED, "permission_id" integer NOT NULL REFERENCES "auth_permission" ("id") DEFERRABLE INITIALLY DEFERRED);

-- Таблица: django_admin_log
CREATE TABLE IF NOT EXISTS "django_admin_log" ("id" integer NOT NULL PRIMARY KEY AUTOINCREMENT, "object_id" text NULL, "object_repr" varchar(200) NOT NULL, "action_flag" smallint unsigned NOT NULL CHECK ("action_flag" >= 0), "change_message" text NOT NULL, "content_type_id" integer NULL REFERENCES "django_content_type" ("id") DEFERRABLE INITIALLY DEFERRED, "user_id" integer NOT NULL REFERENCES "auth_user" ("id") DEFERRABLE INITIALLY DEFERRED, "action_time" datetime NOT NULL);
INSERT INTO django_admin_log (id, object_id, object_repr, action_flag, change_message, content_type_id, user_id, action_time) VALUES (1, '1', 'Михаил Смирнов', 1, '[{"added": {}}]', 7, 1, '2024-04-30 07:17:04.523657');
INSERT INTO django_admin_log (id, object_id, object_repr, action_flag, change_message, content_type_id, user_id, action_time) VALUES (2, '1', 'Михаил Смирнов', 2, '[{"changed": {"fields": ["\u0424\u043e\u0442\u043e"]}}]', 7, 1, '2024-04-30 07:27:02.560642');
INSERT INTO django_admin_log (id, object_id, object_repr, action_flag, change_message, content_type_id, user_id, action_time) VALUES (3, '1', 'Михаил Смирнов', 2, '[{"changed": {"fields": ["\u0424\u043e\u0442\u043e"]}}]', 7, 1, '2024-04-30 08:09:16.244351');
INSERT INTO django_admin_log (id, object_id, object_repr, action_flag, change_message, content_type_id, user_id, action_time) VALUES (4, '1', 'Михаил Смирнов', 2, '[{"changed": {"fields": ["\u0424\u043e\u0442\u043e"]}}]', 7, 1, '2024-04-30 08:38:09.185734');
INSERT INTO django_admin_log (id, object_id, object_repr, action_flag, change_message, content_type_id, user_id, action_time) VALUES (5, '1', 'Михаил Смирнов', 2, '[{"changed": {"fields": ["\u0424\u043e\u0442\u043e"]}}]', 7, 1, '2024-04-30 08:39:28.843879');
INSERT INTO django_admin_log (id, object_id, object_repr, action_flag, change_message, content_type_id, user_id, action_time) VALUES (6, '1', 'Михаил Смирнов', 2, '[{"changed": {"fields": ["\u0424\u043e\u0442\u043e"]}}]', 7, 1, '2024-04-30 09:01:22.904988');
INSERT INTO django_admin_log (id, object_id, object_repr, action_flag, change_message, content_type_id, user_id, action_time) VALUES (7, '1', 'Михаил Смирнов', 2, '[{"changed": {"fields": ["\u0424\u043e\u0442\u043e"]}}]', 7, 1, '2024-04-30 09:23:21.253097');
INSERT INTO django_admin_log (id, object_id, object_repr, action_flag, change_message, content_type_id, user_id, action_time) VALUES (8, '1', 'Михаил Смирнов', 2, '[{"changed": {"fields": ["\u0424\u043e\u0442\u043e"]}}]', 7, 1, '2024-04-30 09:25:25.852290');
INSERT INTO django_admin_log (id, object_id, object_repr, action_flag, change_message, content_type_id, user_id, action_time) VALUES (9, '1', 'Михаил Смирнов', 2, '[]', 7, 1, '2024-04-30 09:44:20.393327');
INSERT INTO django_admin_log (id, object_id, object_repr, action_flag, change_message, content_type_id, user_id, action_time) VALUES (10, '1', 'Михаил Смирнов', 2, '[]', 7, 1, '2024-04-30 09:45:29.127411');
INSERT INTO django_admin_log (id, object_id, object_repr, action_flag, change_message, content_type_id, user_id, action_time) VALUES (11, '1', 'Михаил Смирнов', 2, '[]', 7, 1, '2024-04-30 09:48:55.953578');
INSERT INTO django_admin_log (id, object_id, object_repr, action_flag, change_message, content_type_id, user_id, action_time) VALUES (12, '2', 'Гунина Анна', 1, '[{"added": {}}]', 7, 1, '2024-04-30 09:50:15.990273');
INSERT INTO django_admin_log (id, object_id, object_repr, action_flag, change_message, content_type_id, user_id, action_time) VALUES (13, '1', 'Смирнов Михаил', 2, '[{"changed": {"fields": ["\u0418\u043c\u044f"]}}]', 7, 1, '2024-04-30 09:51:54.244247');
INSERT INTO django_admin_log (id, object_id, object_repr, action_flag, change_message, content_type_id, user_id, action_time) VALUES (14, '2', 'Гунина Анна', 2, '[]', 7, 1, '2024-04-30 10:24:07.281273');
INSERT INTO django_admin_log (id, object_id, object_repr, action_flag, change_message, content_type_id, user_id, action_time) VALUES (15, '2', 'Гунина Анна', 2, '[]', 7, 1, '2024-04-30 10:24:11.126952');
INSERT INTO django_admin_log (id, object_id, object_repr, action_flag, change_message, content_type_id, user_id, action_time) VALUES (16, '2', 'Гунина Анна', 2, '[]', 7, 1, '2024-04-30 10:48:50.292761');
INSERT INTO django_admin_log (id, object_id, object_repr, action_flag, change_message, content_type_id, user_id, action_time) VALUES (17, '3', 'Степанов Алексей', 1, '[{"added": {}}]', 7, 1, '2024-04-30 11:41:19.731886');
INSERT INTO django_admin_log (id, object_id, object_repr, action_flag, change_message, content_type_id, user_id, action_time) VALUES (18, '3', 'Степанов Алексей', 2, '[]', 7, 1, '2024-04-30 11:41:26.993116');
INSERT INTO django_admin_log (id, object_id, object_repr, action_flag, change_message, content_type_id, user_id, action_time) VALUES (19, '4', 'Манукян Артур', 1, '[{"added": {}}]', 7, 1, '2024-04-30 11:46:54.604972');
INSERT INTO django_admin_log (id, object_id, object_repr, action_flag, change_message, content_type_id, user_id, action_time) VALUES (20, '5', 'Сайфулина Роза', 1, '[{"added": {}}]', 7, 1, '2024-04-30 11:50:29.991875');
INSERT INTO django_admin_log (id, object_id, object_repr, action_flag, change_message, content_type_id, user_id, action_time) VALUES (21, '6', 'Володина Дарья', 1, '[{"added": {}}]', 7, 1, '2024-04-30 11:53:12.994341');
INSERT INTO django_admin_log (id, object_id, object_repr, action_flag, change_message, content_type_id, user_id, action_time) VALUES (22, '4', 'Манукян Артур', 2, '[{"changed": {"fields": ["\u0420\u043e\u043b\u044c \u0432 \u043a\u043e\u043c\u0430\u043d\u0434\u0435"]}}]', 7, 1, '2024-04-30 11:55:19.704760');
INSERT INTO django_admin_log (id, object_id, object_repr, action_flag, change_message, content_type_id, user_id, action_time) VALUES (23, '7', 'Henry', 1, '[{"added": {}}]', 7, 1, '2024-04-30 11:57:34.804930');
INSERT INTO django_admin_log (id, object_id, object_repr, action_flag, change_message, content_type_id, user_id, action_time) VALUES (24, '8', 'Lucile', 1, '[{"added": {}}]', 7, 1, '2024-04-30 12:00:23.390045');
INSERT INTO django_admin_log (id, object_id, object_repr, action_flag, change_message, content_type_id, user_id, action_time) VALUES (25, '9', 'Гунявин Андрей', 1, '[{"added": {}}]', 7, 1, '2024-04-30 12:02:24.099654');
INSERT INTO django_admin_log (id, object_id, object_repr, action_flag, change_message, content_type_id, user_id, action_time) VALUES (26, '2', 'Гунина Анна', 2, '[{"changed": {"fields": ["\u0424\u043e\u0442\u043e"]}}]', 7, 1, '2024-04-30 12:09:01.300440');
INSERT INTO django_admin_log (id, object_id, object_repr, action_flag, change_message, content_type_id, user_id, action_time) VALUES (27, '2', 'Гунина Анна', 2, '[{"changed": {"fields": ["\u0424\u043e\u0442\u043e"]}}]', 7, 1, '2024-04-30 12:09:38.345969');
INSERT INTO django_admin_log (id, object_id, object_repr, action_flag, change_message, content_type_id, user_id, action_time) VALUES (28, '7', 'Henry', 2, '[{"changed": {"fields": ["\u0424\u043e\u0442\u043e"]}}]', 7, 1, '2024-04-30 12:10:51.130645');
INSERT INTO django_admin_log (id, object_id, object_repr, action_flag, change_message, content_type_id, user_id, action_time) VALUES (29, '8', 'Lucile', 2, '[{"changed": {"fields": ["\u0424\u043e\u0442\u043e"]}}]', 7, 1, '2024-04-30 12:12:00.420971');
INSERT INTO django_admin_log (id, object_id, object_repr, action_flag, change_message, content_type_id, user_id, action_time) VALUES (30, '6', 'Володина Дарья', 2, '[{"changed": {"fields": ["\u0424\u043e\u0442\u043e"]}}]', 7, 1, '2024-04-30 12:16:45.316910');
INSERT INTO django_admin_log (id, object_id, object_repr, action_flag, change_message, content_type_id, user_id, action_time) VALUES (31, '1', 'Смирнов Михаил', 2, '[{"changed": {"fields": ["\u0424\u043e\u0442\u043e"]}}]', 7, 1, '2024-04-30 12:18:41.835368');
INSERT INTO django_admin_log (id, object_id, object_repr, action_flag, change_message, content_type_id, user_id, action_time) VALUES (32, '3', 'Степанов Алексей', 2, '[{"changed": {"fields": ["\u0424\u043e\u0442\u043e"]}}]', 7, 1, '2024-04-30 12:19:49.529421');
INSERT INTO django_admin_log (id, object_id, object_repr, action_flag, change_message, content_type_id, user_id, action_time) VALUES (33, '5', 'Сайфулина Роза', 2, '[{"changed": {"fields": ["\u0424\u043e\u0442\u043e"]}}]', 7, 1, '2024-04-30 12:21:08.595043');
INSERT INTO django_admin_log (id, object_id, object_repr, action_flag, change_message, content_type_id, user_id, action_time) VALUES (34, '4', 'Манукян Артур', 2, '[{"changed": {"fields": ["\u0424\u043e\u0442\u043e"]}}]', 7, 1, '2024-04-30 12:21:57.794005');
INSERT INTO django_admin_log (id, object_id, object_repr, action_flag, change_message, content_type_id, user_id, action_time) VALUES (35, '9', 'Гунявин Андрей', 2, '[{"changed": {"fields": ["\u0424\u043e\u0442\u043e"]}}]', 7, 1, '2024-04-30 12:23:01.372519');
INSERT INTO django_admin_log (id, object_id, object_repr, action_flag, change_message, content_type_id, user_id, action_time) VALUES (36, '1', 'Арт-дайвинг', 1, '[{"added": {}}]', 8, 1, '2024-04-30 19:30:39.922289');
INSERT INTO django_admin_log (id, object_id, object_repr, action_flag, change_message, content_type_id, user_id, action_time) VALUES (37, '2', 'Наивные вопросы художнику', 1, '[{"added": {}}]', 8, 1, '2024-04-30 19:32:52.822978');
INSERT INTO django_admin_log (id, object_id, object_repr, action_flag, change_message, content_type_id, user_id, action_time) VALUES (38, '3', 'Арт-картель', 1, '[{"added": {}}]', 8, 1, '2024-04-30 19:33:37.472934');
INSERT INTO django_admin_log (id, object_id, object_repr, action_flag, change_message, content_type_id, user_id, action_time) VALUES (39, '9', 'Gunyavin Andrey', 2, '[{"changed": {"fields": ["\u0418\u043c\u044f [en]", "\u0424\u043e\u0442\u043e", "\u0420\u043e\u043b\u044c \u0432 \u043a\u043e\u043c\u0430\u043d\u0434\u0435 [en]"]}}]', 7, 1, '2024-05-11 10:12:26.802590');
INSERT INTO django_admin_log (id, object_id, object_repr, action_flag, change_message, content_type_id, user_id, action_time) VALUES (40, '8', 'Lucile', 2, '[{"changed": {"fields": ["\u0418\u043c\u044f [en]", "\u0424\u043e\u0442\u043e", "\u0420\u043e\u043b\u044c \u0432 \u043a\u043e\u043c\u0430\u043d\u0434\u0435 [en]"]}}]', 7, 1, '2024-05-11 10:13:27.844718');
INSERT INTO django_admin_log (id, object_id, object_repr, action_flag, change_message, content_type_id, user_id, action_time) VALUES (41, '7', 'Henry', 2, '[{"changed": {"fields": ["\u0418\u043c\u044f [en]", "\u0424\u043e\u0442\u043e", "\u0420\u043e\u043b\u044c \u0432 \u043a\u043e\u043c\u0430\u043d\u0434\u0435 [en]"]}}]', 7, 1, '2024-05-11 10:14:05.126180');
INSERT INTO django_admin_log (id, object_id, object_repr, action_flag, change_message, content_type_id, user_id, action_time) VALUES (42, '6', 'Volodina Daria', 2, '[{"changed": {"fields": ["\u0418\u043c\u044f [en]", "\u0424\u043e\u0442\u043e", "\u0420\u043e\u043b\u044c \u0432 \u043a\u043e\u043c\u0430\u043d\u0434\u0435 [en]"]}}]', 7, 1, '2024-05-11 10:14:56.305989');
INSERT INTO django_admin_log (id, object_id, object_repr, action_flag, change_message, content_type_id, user_id, action_time) VALUES (43, '5', 'Saifulina Rose', 2, '[{"changed": {"fields": ["\u0418\u043c\u044f [en]", "\u0424\u043e\u0442\u043e", "\u0420\u043e\u043b\u044c \u0432 \u043a\u043e\u043c\u0430\u043d\u0434\u0435 [en]"]}}]', 7, 1, '2024-05-11 10:17:00.379324');
INSERT INTO django_admin_log (id, object_id, object_repr, action_flag, change_message, content_type_id, user_id, action_time) VALUES (44, '4', 'Manukyan Arthur', 2, '[{"changed": {"fields": ["\u0418\u043c\u044f [en]", "\u0424\u043e\u0442\u043e", "\u0420\u043e\u043b\u044c \u0432 \u043a\u043e\u043c\u0430\u043d\u0434\u0435 [en]"]}}]', 7, 1, '2024-05-11 10:18:01.601141');
INSERT INTO django_admin_log (id, object_id, object_repr, action_flag, change_message, content_type_id, user_id, action_time) VALUES (45, '3', 'Stepanov Alexey', 2, '[{"changed": {"fields": ["\u0418\u043c\u044f [en]", "\u0424\u043e\u0442\u043e", "\u0420\u043e\u043b\u044c \u0432 \u043a\u043e\u043c\u0430\u043d\u0434\u0435 [en]"]}}]', 7, 1, '2024-05-11 10:19:05.717564');
INSERT INTO django_admin_log (id, object_id, object_repr, action_flag, change_message, content_type_id, user_id, action_time) VALUES (46, '2', 'Gunina Anna', 2, '[{"changed": {"fields": ["\u0418\u043c\u044f [en]", "\u0424\u043e\u0442\u043e", "\u0420\u043e\u043b\u044c \u0432 \u043a\u043e\u043c\u0430\u043d\u0434\u0435 [en]"]}}]', 7, 1, '2024-05-11 10:19:54.936867');
INSERT INTO django_admin_log (id, object_id, object_repr, action_flag, change_message, content_type_id, user_id, action_time) VALUES (47, '1', 'Smirnov Mikhail', 2, '[{"changed": {"fields": ["\u0418\u043c\u044f [en]", "\u0424\u043e\u0442\u043e", "\u0420\u043e\u043b\u044c \u0432 \u043a\u043e\u043c\u0430\u043d\u0434\u0435 [en]"]}}]', 7, 1, '2024-05-11 10:20:41.090197');
INSERT INTO django_admin_log (id, object_id, object_repr, action_flag, change_message, content_type_id, user_id, action_time) VALUES (48, '1', 'Smirnov Mikhail', 2, '[{"changed": {"fields": ["User number"]}}]', 7, 1, '2024-05-13 07:25:59.579058');
INSERT INTO django_admin_log (id, object_id, object_repr, action_flag, change_message, content_type_id, user_id, action_time) VALUES (49, '2', 'Gunina Anna', 2, '[{"changed": {"fields": ["User number"]}}]', 7, 1, '2024-05-13 07:26:18.403664');
INSERT INTO django_admin_log (id, object_id, object_repr, action_flag, change_message, content_type_id, user_id, action_time) VALUES (50, '3', 'Stepanov Alexey', 2, '[{"changed": {"fields": ["User number"]}}]', 7, 1, '2024-05-13 07:26:44.595260');
INSERT INTO django_admin_log (id, object_id, object_repr, action_flag, change_message, content_type_id, user_id, action_time) VALUES (51, '4', 'Manukyan Arthur', 2, '[{"changed": {"fields": ["User number"]}}]', 7, 1, '2024-05-13 07:27:06.492708');
INSERT INTO django_admin_log (id, object_id, object_repr, action_flag, change_message, content_type_id, user_id, action_time) VALUES (52, '5', 'Saifulina Rose', 2, '[{"changed": {"fields": ["User number"]}}]', 7, 1, '2024-05-13 07:27:21.603668');
INSERT INTO django_admin_log (id, object_id, object_repr, action_flag, change_message, content_type_id, user_id, action_time) VALUES (53, '6', 'Volodina Daria', 2, '[{"changed": {"fields": ["User number"]}}]', 7, 1, '2024-05-13 07:27:34.186045');
INSERT INTO django_admin_log (id, object_id, object_repr, action_flag, change_message, content_type_id, user_id, action_time) VALUES (54, '7', 'Henry', 2, '[{"changed": {"fields": ["User number"]}}]', 7, 1, '2024-05-13 07:27:44.203538');
INSERT INTO django_admin_log (id, object_id, object_repr, action_flag, change_message, content_type_id, user_id, action_time) VALUES (55, '8', 'Lucile', 2, '[{"changed": {"fields": ["User number"]}}]', 7, 1, '2024-05-13 07:27:52.986453');
INSERT INTO django_admin_log (id, object_id, object_repr, action_flag, change_message, content_type_id, user_id, action_time) VALUES (56, '9', 'Gunyavin Andrey', 2, '[{"changed": {"fields": ["User number"]}}]', 7, 1, '2024-05-13 07:28:03.722147');
INSERT INTO django_admin_log (id, object_id, object_repr, action_flag, change_message, content_type_id, user_id, action_time) VALUES (57, '3', 'Арт-картель', 2, '[{"changed": {"fields": ["Project number"]}}]', 8, 1, '2024-05-13 15:14:42.318367');
INSERT INTO django_admin_log (id, object_id, object_repr, action_flag, change_message, content_type_id, user_id, action_time) VALUES (58, '1', 'Арт-дайвинг', 2, '[{"changed": {"fields": ["Project number"]}}]', 8, 1, '2024-05-13 15:14:54.452985');
INSERT INTO django_admin_log (id, object_id, object_repr, action_flag, change_message, content_type_id, user_id, action_time) VALUES (59, '2', 'Наивные вопросы художнику', 2, '[{"changed": {"fields": ["Project number"]}}]', 8, 1, '2024-05-13 15:15:12.206255');
INSERT INTO django_admin_log (id, object_id, object_repr, action_flag, change_message, content_type_id, user_id, action_time) VALUES (60, '1', 'Арт-дайвинг', 2, '[{"changed": {"fields": ["\u0424\u043e\u0442\u043e"]}}]', 8, 1, '2024-05-13 16:27:44.188295');
INSERT INTO django_admin_log (id, object_id, object_repr, action_flag, change_message, content_type_id, user_id, action_time) VALUES (61, '2', 'Наивные вопросы художнику', 2, '[{"changed": {"fields": ["\u0424\u043e\u0442\u043e"]}}]', 8, 1, '2024-05-13 16:28:36.461902');
INSERT INTO django_admin_log (id, object_id, object_repr, action_flag, change_message, content_type_id, user_id, action_time) VALUES (62, '3', 'Арт-картель', 2, '[{"changed": {"fields": ["\u0424\u043e\u0442\u043e"]}}]', 8, 1, '2024-05-13 16:28:47.360178');
INSERT INTO django_admin_log (id, object_id, object_repr, action_flag, change_message, content_type_id, user_id, action_time) VALUES (63, '1', 'ProjectAD object (1)', 1, '[{"added": {}}]', 9, 1, '2024-05-14 08:37:02.462852');
INSERT INTO django_admin_log (id, object_id, object_repr, action_flag, change_message, content_type_id, user_id, action_time) VALUES (64, '1', 'Арт-дайвинг', 1, '[{"added": {}}]', 10, 1, '2024-05-14 11:22:11.698483');
INSERT INTO django_admin_log (id, object_id, object_repr, action_flag, change_message, content_type_id, user_id, action_time) VALUES (65, '1', 'Art diving', 2, '[{"changed": {"fields": ["\u041e \u043f\u0440\u043e\u0435\u043a\u0442\u0435(\u0431\u043b. 1) [ru]", "\u041e \u043f\u0440\u043e\u0435\u043a\u0442\u0435(\u0431\u043b. 1) [en]", "\u041e \u043f\u0440\u043e\u0435\u043a\u0442\u0435(\u0431\u043b. 2) [ru]", "\u041e \u043f\u0440\u043e\u0435\u043a\u0442\u0435(\u0431\u043b. 2) [en]", "\u041e \u043f\u0440\u043e\u0435\u043a\u0442\u0435(\u0431\u043b. 3) [ru]", "\u041e \u043f\u0440\u043e\u0435\u043a\u0442\u0435(\u0431\u043b. 3) [en]"]}}]', 10, 1, '2024-05-14 13:02:36.552692');
INSERT INTO django_admin_log (id, object_id, object_repr, action_flag, change_message, content_type_id, user_id, action_time) VALUES (66, '1', 'Art diving', 2, '[{"changed": {"fields": ["\u041e \u043f\u0440\u043e\u0435\u043a\u0442\u0435(\u0431\u043b. 1) [ru]", "\u041e \u043f\u0440\u043e\u0435\u043a\u0442\u0435(\u0431\u043b. 1) [en]", "\u041e \u043f\u0440\u043e\u0435\u043a\u0442\u0435(\u0431\u043b. 2) [ru]", "\u041e \u043f\u0440\u043e\u0435\u043a\u0442\u0435(\u0431\u043b. 2) [en]", "\u041e \u043f\u0440\u043e\u0435\u043a\u0442\u0435(\u0431\u043b. 3) [ru]", "\u041e \u043f\u0440\u043e\u0435\u043a\u0442\u0435(\u0431\u043b. 3) [en]", "\u0414\u0435\u0442\u0430\u043b\u0438(\u0431\u043b. 1) [ru]", "\u0414\u0435\u0442\u0430\u043b\u0438(\u0431\u043b. 1) [en]", "\u0414\u0435\u0442\u0430\u043b\u0438(\u0431\u043b. 2) [ru]", "\u0414\u0435\u0442\u0430\u043b\u0438(\u0431\u043b. 2) [en]", "\u0414\u0435\u0442\u0430\u043b\u0438(\u0431\u043b. 3) [ru]", "\u0414\u0435\u0442\u0430\u043b\u0438(\u0431\u043b. 3) [en]"]}}]', 10, 1, '2024-05-14 13:24:12.923337');
INSERT INTO django_admin_log (id, object_id, object_repr, action_flag, change_message, content_type_id, user_id, action_time) VALUES (67, '1', 'Art diving', 2, '[{"changed": {"fields": ["\u0423\u043c\u0435\u0435\u043c [ru]", "\u0423\u043c\u0435\u0435\u043c [en]", "\u0423\u043c\u0435\u0435\u043c_1 [ru]", "\u0423\u043c\u0435\u0435\u043c_1 [en]", "\u0423\u043c\u0435\u0435\u043c_2 [ru]", "\u0423\u043c\u0435\u0435\u043c_2 [en]", "\u0423\u043c\u0435\u0435\u043c_3 [ru]", "\u0423\u043c\u0435\u0435\u043c_3 [en]", "\u0423\u043c\u0435\u0435\u043c_4 [ru]", "\u0423\u043c\u0435\u0435\u043c_4 [en]"]}}]', 10, 1, '2024-05-14 13:37:19.654752');
INSERT INTO django_admin_log (id, object_id, object_repr, action_flag, change_message, content_type_id, user_id, action_time) VALUES (68, '1', 'Art diving', 2, '[{"changed": {"fields": ["\u0423\u043c\u0435\u0435\u043c_1(\u0437\u0430\u0433.) [ru]", "\u0423\u043c\u0435\u0435\u043c_1(\u0437\u0430\u0433.) [en]", "\u0423\u043c\u0435\u0435\u043c_1 [ru]", "\u0423\u043c\u0435\u0435\u043c_1 [en]", "\u0423\u043c\u0435\u0435\u043c_2(\u0437\u0430\u0433.) [ru]", "\u0423\u043c\u0435\u0435\u043c_2(\u0437\u0430\u0433.) [en]", "\u0423\u043c\u0435\u0435\u043c_2 [ru]", "\u0423\u043c\u0435\u0435\u043c_2 [en]", "\u0423\u043c\u0435\u0435\u043c_3(\u0437\u0430\u0433.) [ru]", "\u0423\u043c\u0435\u0435\u043c_3(\u0437\u0430\u0433.) [en]", "\u0423\u043c\u0435\u0435\u043c_3 [ru]", "\u0423\u043c\u0435\u0435\u043c_3 [en]", "\u0423\u043c\u0435\u0435\u043c_4(\u0437\u0430\u0433.) [ru]", "\u0423\u043c\u0435\u0435\u043c_4(\u0437\u0430\u0433.) [en]", "\u0423\u043c\u0435\u0435\u043c_4 [ru]", "\u0423\u043c\u0435\u0435\u043c_4 [en]"]}}]', 10, 1, '2024-05-14 13:49:20.649228');
INSERT INTO django_admin_log (id, object_id, object_repr, action_flag, change_message, content_type_id, user_id, action_time) VALUES (69, '1', 'Art diving', 2, '[{"changed": {"fields": ["\u0420\u0435\u0430\u043b\u0438\u0437\u0430\u0446\u0438\u044f [ru]", "\u0420\u0435\u0430\u043b\u0438\u0437\u0430\u0446\u0438\u044f [en]", "\u0420\u0435\u0430\u043b\u0438\u0437\u0430\u0446\u0438\u044f(\u0437\u0430\u0433.1) [ru]", "\u0420\u0435\u0430\u043b\u0438\u0437\u0430\u0446\u0438\u044f(\u0437\u0430\u0433.1) [en]", "\u0420\u0435\u0430\u043b\u0438\u0437\u0430\u0446\u0438\u044f(\u0438\u043d\u0444.1) [ru]", "\u0420\u0435\u0430\u043b\u0438\u0437\u0430\u0446\u0438\u044f(\u0438\u043d\u0444.1) [en]", "\u0420\u0435\u0430\u043b\u0438\u0437\u0430\u0446\u0438\u044f(\u0437\u0430\u0433.2) [ru]", "\u0420\u0435\u0430\u043b\u0438\u0437\u0430\u0446\u0438\u044f(\u0437\u0430\u0433.2) [en]", "\u0420\u0435\u0430\u043b\u0438\u0437\u0430\u0446\u0438\u044f(\u0438\u043d\u0444.2) [ru]", "\u0420\u0435\u0430\u043b\u0438\u0437\u0430\u0446\u0438\u044f(\u0438\u043d\u0444.2) [en]", "\u0420\u0435\u0430\u043b\u0438\u0437\u0430\u0446\u0438\u044f(\u0437\u0430\u0433.3) [ru]", "\u0420\u0435\u0430\u043b\u0438\u0437\u0430\u0446\u0438\u044f(\u0437\u0430\u0433.3) [en]", "\u0420\u0435\u0430\u043b\u0438\u0437\u0430\u0446\u0438\u044f(\u0438\u043d\u0444.3) [ru]", "\u0420\u0435\u0430\u043b\u0438\u0437\u0430\u0446\u0438\u044f(\u0438\u043d\u0444.3) [en]", "\u0420\u0435\u0430\u043b\u0438\u0437\u0430\u0446\u0438\u044f(\u0437\u0430\u0433.4) [ru]", "\u0420\u0435\u0430\u043b\u0438\u0437\u0430\u0446\u0438\u044f(\u0437\u0430\u0433.4) [en]", "\u0420\u0435\u0430\u043b\u0438\u0437\u0430\u0446\u0438\u044f(\u0438\u043d\u0444.4) [ru]", "\u0420\u0435\u0430\u043b\u0438\u0437\u0430\u0446\u0438\u044f(\u0438\u043d\u0444.4) [en]", "\u0420\u0435\u0430\u043b\u0438\u0437\u0430\u0446\u0438\u044f(\u0437\u0430\u0433.5) [ru]", "\u0420\u0435\u0430\u043b\u0438\u0437\u0430\u0446\u0438\u044f(\u0437\u0430\u0433.5) [en]", "\u0420\u0435\u0430\u043b\u0438\u0437\u0430\u0446\u0438\u044f(\u0438\u043d\u0444.5) [ru]", "\u0420\u0435\u0430\u043b\u0438\u0437\u0430\u0446\u0438\u044f(\u0438\u043d\u0444.5) [en]"]}}]', 10, 1, '2024-05-14 14:24:19.378441');
INSERT INTO django_admin_log (id, object_id, object_repr, action_flag, change_message, content_type_id, user_id, action_time) VALUES (70, '1', 'Naive questions for the artist', 1, '[{"added": {}}]', 11, 1, '2024-05-14 15:27:04.262584');
INSERT INTO django_admin_log (id, object_id, object_repr, action_flag, change_message, content_type_id, user_id, action_time) VALUES (71, '1', 'Art cartel', 1, '[{"added": {}}]', 12, 1, '2024-05-15 08:56:45.748080');
INSERT INTO django_admin_log (id, object_id, object_repr, action_flag, change_message, content_type_id, user_id, action_time) VALUES (72, '1', 'Art cartel', 2, '[]', 12, 1, '2024-05-15 09:37:46.863654');
INSERT INTO django_admin_log (id, object_id, object_repr, action_flag, change_message, content_type_id, user_id, action_time) VALUES (73, '1', 'Арт-картель', 2, '[]', 12, 1, '2024-05-15 09:40:57.775817');
INSERT INTO django_admin_log (id, object_id, object_repr, action_flag, change_message, content_type_id, user_id, action_time) VALUES (74, '1', 'Арт-картель', 2, '[{"changed": {"fields": ["\u041e\u043f\u0438\u0441\u0430\u043d\u0438\u04351 [ru]", "\u041e\u043f\u0438\u0441\u0430\u043d\u0438\u04351 [en]", "\u041e\u043f\u0438\u0441\u0430\u043d\u0438\u04352 [ru]", "\u041e\u043f\u0438\u0441\u0430\u043d\u0438\u04352 [en]"]}}]', 12, 1, '2024-05-15 09:58:11.065790');
INSERT INTO django_admin_log (id, object_id, object_repr, action_flag, change_message, content_type_id, user_id, action_time) VALUES (75, '1', 'Art cartel', 2, '[{"changed": {"fields": ["\u041e\u043f\u0438\u0441\u0430\u043d\u0438\u04352 [en]"]}}]', 12, 1, '2024-05-15 14:16:24.678188');

-- Таблица: django_content_type
CREATE TABLE IF NOT EXISTS "django_content_type" ("id" integer NOT NULL PRIMARY KEY AUTOINCREMENT, "app_label" varchar(100) NOT NULL, "model" varchar(100) NOT NULL);
INSERT INTO django_content_type (id, app_label, model) VALUES (1, 'admin', 'logentry');
INSERT INTO django_content_type (id, app_label, model) VALUES (2, 'auth', 'permission');
INSERT INTO django_content_type (id, app_label, model) VALUES (3, 'auth', 'group');
INSERT INTO django_content_type (id, app_label, model) VALUES (4, 'auth', 'user');
INSERT INTO django_content_type (id, app_label, model) VALUES (5, 'contenttypes', 'contenttype');
INSERT INTO django_content_type (id, app_label, model) VALUES (6, 'sessions', 'session');
INSERT INTO django_content_type (id, app_label, model) VALUES (7, 'points', 'team');
INSERT INTO django_content_type (id, app_label, model) VALUES (8, 'points', 'project');
INSERT INTO django_content_type (id, app_label, model) VALUES (9, 'points', 'projectad');
INSERT INTO django_content_type (id, app_label, model) VALUES (10, 'points', 'art_diving');
INSERT INTO django_content_type (id, app_label, model) VALUES (11, 'points', 'naive_questions');
INSERT INTO django_content_type (id, app_label, model) VALUES (12, 'points', 'art_cartel');

-- Таблица: django_migrations
CREATE TABLE IF NOT EXISTS "django_migrations" ("id" integer NOT NULL PRIMARY KEY AUTOINCREMENT, "app" varchar(255) NOT NULL, "name" varchar(255) NOT NULL, "applied" datetime NOT NULL);
INSERT INTO django_migrations (id, app, name, applied) VALUES (1, 'contenttypes', '0001_initial', '2024-04-29 10:22:26.145626');
INSERT INTO django_migrations (id, app, name, applied) VALUES (2, 'auth', '0001_initial', '2024-04-29 10:22:26.178932');
INSERT INTO django_migrations (id, app, name, applied) VALUES (3, 'admin', '0001_initial', '2024-04-29 10:22:26.214147');
INSERT INTO django_migrations (id, app, name, applied) VALUES (4, 'admin', '0002_logentry_remove_auto_add', '2024-04-29 10:22:26.233966');
INSERT INTO django_migrations (id, app, name, applied) VALUES (5, 'admin', '0003_logentry_add_action_flag_choices', '2024-04-29 10:22:26.251248');
INSERT INTO django_migrations (id, app, name, applied) VALUES (6, 'contenttypes', '0002_remove_content_type_name', '2024-04-29 10:22:26.276592');
INSERT INTO django_migrations (id, app, name, applied) VALUES (7, 'auth', '0002_alter_permission_name_max_length', '2024-04-29 10:22:26.303072');
INSERT INTO django_migrations (id, app, name, applied) VALUES (8, 'auth', '0003_alter_user_email_max_length', '2024-04-29 10:22:26.323703');
INSERT INTO django_migrations (id, app, name, applied) VALUES (9, 'auth', '0004_alter_user_username_opts', '2024-04-29 10:22:26.338992');
INSERT INTO django_migrations (id, app, name, applied) VALUES (10, 'auth', '0005_alter_user_last_login_null', '2024-04-29 10:22:26.358650');
INSERT INTO django_migrations (id, app, name, applied) VALUES (11, 'auth', '0006_require_contenttypes_0002', '2024-04-29 10:22:26.372548');
INSERT INTO django_migrations (id, app, name, applied) VALUES (12, 'auth', '0007_alter_validators_add_error_messages', '2024-04-29 10:22:26.389752');
INSERT INTO django_migrations (id, app, name, applied) VALUES (13, 'auth', '0008_alter_user_username_max_length', '2024-04-29 10:22:26.409953');
INSERT INTO django_migrations (id, app, name, applied) VALUES (14, 'auth', '0009_alter_user_last_name_max_length', '2024-04-29 10:22:26.428312');
INSERT INTO django_migrations (id, app, name, applied) VALUES (15, 'auth', '0010_alter_group_name_max_length', '2024-04-29 10:22:26.446084');
INSERT INTO django_migrations (id, app, name, applied) VALUES (16, 'auth', '0011_update_proxy_permissions', '2024-04-29 10:22:26.467007');
INSERT INTO django_migrations (id, app, name, applied) VALUES (17, 'auth', '0012_alter_user_first_name_max_length', '2024-04-29 10:22:26.487907');
INSERT INTO django_migrations (id, app, name, applied) VALUES (18, 'sessions', '0001_initial', '2024-04-29 10:22:26.518571');
INSERT INTO django_migrations (id, app, name, applied) VALUES (19, 'points', '0001_initial', '2024-04-29 12:32:00.123251');
INSERT INTO django_migrations (id, app, name, applied) VALUES (20, 'points', '0002_alter_team_options_alter_team_name_alter_team_photo_and_more', '2024-04-30 07:56:55.416594');
INSERT INTO django_migrations (id, app, name, applied) VALUES (21, 'points', '0003_project', '2024-04-30 19:28:35.937032');
INSERT INTO django_migrations (id, app, name, applied) VALUES (22, 'points', '0004_alter_team_role', '2024-04-30 19:36:07.419240');
INSERT INTO django_migrations (id, app, name, applied) VALUES (23, 'points', '0005_project_description_en_project_description_ru_and_more', '2024-05-01 17:08:42.232613');
INSERT INTO django_migrations (id, app, name, applied) VALUES (24, 'points', '0006_alter_team_options_team_user_number', '2024-05-13 07:23:49.506964');
INSERT INTO django_migrations (id, app, name, applied) VALUES (25, 'points', '0007_alter_project_options_project_project_number', '2024-05-13 15:12:20.445113');
INSERT INTO django_migrations (id, app, name, applied) VALUES (26, 'points', '0008_projectad_remove_project_description_en_and_more', '2024-05-14 08:34:05.585632');
INSERT INTO django_migrations (id, app, name, applied) VALUES (27, 'points', '0009_art_diving_delete_project_delete_projectad', '2024-05-14 11:01:28.665499');
INSERT INTO django_migrations (id, app, name, applied) VALUES (28, 'points', '0010_naive_questions_alter_art_diving_options_and_more', '2024-05-14 12:50:14.345419');
INSERT INTO django_migrations (id, app, name, applied) VALUES (29, 'points', '0011_art_diving_details_b1_art_diving_details_b2_and_more', '2024-05-14 13:13:07.379438');
INSERT INTO django_migrations (id, app, name, applied) VALUES (30, 'points', '0012_art_diving_details_b1_en_art_diving_details_b1_ru_and_more', '2024-05-14 13:19:09.628125');
INSERT INTO django_migrations (id, app, name, applied) VALUES (31, 'points', '0013_art_diving_we_can_art_diving_we_can_1_and_more', '2024-05-14 13:34:11.733964');
INSERT INTO django_migrations (id, app, name, applied) VALUES (32, 'points', '0014_art_diving_we_can_1_title_and_more', '2024-05-14 13:45:03.906938');
INSERT INTO django_migrations (id, app, name, applied) VALUES (33, 'points', '0015_art_diving_impl_ext_1_art_diving_impl_ext_1_en_and_more', '2024-05-14 14:13:59.175285');
INSERT INTO django_migrations (id, app, name, applied) VALUES (34, 'points', '0016_remove_naive_questions_about_3_and_more', '2024-05-14 14:57:56.774012');
INSERT INTO django_migrations (id, app, name, applied) VALUES (35, 'points', '0017_art_cartel', '2024-05-15 08:30:54.168949');
INSERT INTO django_migrations (id, app, name, applied) VALUES (36, 'points', '0018_remove_art_cartel_description_and_more', '2024-05-15 09:55:25.104732');

-- Таблица: django_session
CREATE TABLE IF NOT EXISTS "django_session" ("session_key" varchar(40) NOT NULL PRIMARY KEY, "session_data" text NOT NULL, "expire_date" datetime NOT NULL);
INSERT INTO django_session (session_key, session_data, expire_date) VALUES ('kyg0urdt9ylnxdnheef2p69mzqg18tjl', '.eJxVjMsOwiAQRf-FtSG8RsCl-34DGQaQqoGktCvjv2uTLnR7zzn3xQJuaw3byEuYE7swyU6_W0R65LaDdMd265x6W5c58l3hBx186ik_r4f7d1Bx1G8dKRmJxYMj7QqoIsiD0FqLRNoIUAZJOgLpEUQB42xBOAuHtnirSLP3B9jhNz8:1s1Pjv:BrRgTMh1BegvqRLJ0mNyB1HQg8dxtoBfdCnXK2Y5-84', '2024-05-13 12:04:11.395037');
INSERT INTO django_session (session_key, session_data, expire_date) VALUES ('g1hbqmiofhddc0jnxcbu8624h61xgmsf', '.eJxVjMsOwiAQRf-FtSG8RsCl-34DGQaQqoGktCvjv2uTLnR7zzn3xQJuaw3byEuYE7swyU6_W0R65LaDdMd265x6W5c58l3hBx186ik_r4f7d1Bx1G8dKRmJxYMj7QqoIsiD0FqLRNoIUAZJOgLpEUQB42xBOAuHtnirSLP3B9jhNz8:1s6XNY:dgS_mG0YwheyvGvVgS_zexFKBtD8hh5b_cXp57QNnnw', '2024-05-27 15:14:16.046852');

-- Таблица: points_art_cartel
CREATE TABLE IF NOT EXISTS "points_art_cartel" ("id" integer NOT NULL PRIMARY KEY AUTOINCREMENT, "name" varchar(200) NOT NULL, "name_ru" varchar(200) NULL, "name_en" varchar(200) NULL, "about_title" text NOT NULL, "about_title_ru" text NULL, "about_title_en" text NULL, "about_1" text NOT NULL, "about_1_ru" text NULL, "about_1_en" text NULL, "about_2" text NOT NULL, "about_2_ru" text NULL, "about_2_en" text NULL, "details_title" text NOT NULL, "details_title_ru" text NULL, "details_title_en" text NULL, "details_1" text NOT NULL, "details_1_ru" text NULL, "details_1_en" text NULL, "details_2" text NOT NULL, "details_2_ru" text NULL, "details_2_en" text NULL, "details_3" text NOT NULL, "details_3_ru" text NULL, "details_3_en" text NULL, "details_4" text NOT NULL, "details_4_ru" text NULL, "details_4_en" text NULL, "impl_header" text NOT NULL, "impl_header_ru" text NULL, "impl_header_en" text NULL, "impl_title" text NOT NULL, "impl_title_ru" text NULL, "impl_title_en" text NULL, "impl_1" text NOT NULL, "impl_1_ru" text NULL, "impl_1_en" text NULL, "impl_2" text NOT NULL, "impl_2_ru" text NULL, "impl_2_en" text NULL, "impl_3" text NOT NULL, "impl_3_ru" text NULL, "impl_3_en" text NULL, "description_1" text NOT NULL, "description_1_en" text NULL, "description_1_ru" text NULL, "description_2" text NOT NULL, "description_2_en" text NULL, "description_2_ru" text NULL);
INSERT INTO points_art_cartel (id, name, name_ru, name_en, about_title, about_title_ru, about_title_en, about_1, about_1_ru, about_1_en, about_2, about_2_ru, about_2_en, details_title, details_title_ru, details_title_en, details_1, details_1_ru, details_1_en, details_2, details_2_ru, details_2_en, details_3, details_3_ru, details_3_en, details_4, details_4_ru, details_4_en, impl_header, impl_header_ru, impl_header_en, impl_title, impl_title_ru, impl_title_en, impl_1, impl_1_ru, impl_1_en, impl_2, impl_2_ru, impl_2_en, impl_3, impl_3_ru, impl_3_en, description_1, description_1_en, description_1_ru, description_2, description_2_en, description_2_ru) VALUES (1, 'Art cartel', 'Арт-картель', 'Art cartel', 'ART CARTEL IS A FORM OF JOINT STUDY OF SUBJECTS OF INTEREST. WITHOUT A TEACHER AND A DOMINANT POINT OF VIEW, THE ONLY CORRECT POINT OF VIEW.', 'АРТ-КАРТЕЛЬ - ЭТО ФОРМА СОВМЕСТНОГО ИЗУЧЕНИЯ ИНТЕРЕСУЮЩЕГО. БЕЗ УЧИТЕЛЯ И ГОСПОДСТВУЮЩЕЙ ТОЧКИ ЗРЕНИЯ, ЕДИНСТВЕННО ПРАВИЛЬНОЙ.', 'ART CARTEL IS A FORM OF JOINT STUDY OF SUBJECTS OF INTEREST. WITHOUT A TEACHER AND A DOMINANT POINT OF VIEW, THE ONLY CORRECT POINT OF VIEW.', 'In a small group format of 8-10 people, we independently study the material and discuss it in online meetings.', 'В формате малой группы 8-10 человек мы самостоятельно изучаем материал и обсуждаем его на онлайн встречах.', 'In a small group format of 8-10 people, we independently study the material and discuss it in online meetings.', 'We search for information together and communicate a lot. We discover completely different points of view and approaches to understanding. We discuss, sometimes argue, developing new associative connections, mastering the conceptual apparatus and critical thinking.', 'Мы вместе ищем информацию и много общаемся. Мы обнаруживаем совершенно разные точки зрения и подходы к пониманию. Мы дискутируем, иногда спорим, развивая новые ассоциативные связи, овладевая понятийным аппаратом и критическим мышлением.', 'We search for information together and communicate a lot. We discover completely different points of view and approaches to understanding. We discuss, sometimes argue, developing new associative connections, mastering the conceptual apparatus and critical thinking.', 'KEY MANIFESTO OF THE ART CARTEL: THE PRIORITY OF DIFFERENT POINTS OF VIEW', 'КЛЮЧЕВОЙ МАНИФЕСТ АРТ-КАРТЕЛЯ: ГЛАВЕНСТВО РАЗНЫХ ТОЧЕК ЗРЕНИЯ', 'KEY MANIFESTO OF THE ART CARTEL: THE PRIORITY OF DIFFERENT POINTS OF VIEW', 'Art cartel is a form of joint work on self-education.
In small groups of 8-10 people, “cartelians” build a program of topics of interest in the format of discussions and conversations.', 'Арт картель - это форма совместной работы над самообразованием.
В малых группах по 8-10 человек “картелианцы” в формате дискуссий и бесед выстраивает программу интересующих тем.', 'Art cartel is a form of joint work on self-education.
In small groups of 8-10 people, “cartelians” build a program of topics of interest in the format of discussions and conversations.', 'Participation in a cartel involves extensive work on preparing reports, compact presentation, and preparing your own speech. In this way, it is possible to protect discussions from reactive and affective statements.', 'Участие в картеле подразумевает объемную работу по подготовке докладов, компактной и его изложения, подготовке собственной речи. Таким образом, удается защитить дискуссии от реактивных и аффективных высказываний.', 'Participation in a cartel involves extensive work on preparing reports, compact presentation, and preparing your own speech. In this way, it is possible to protect discussions from reactive and affective statements.', 'The cartel is dominated by horizontal connections and there is no position at the top, the one who knows best. One’s own point of view is formed in the process of mastering different, often opposite and controversial things.', 'В картеле главенствуют горизонтальные связи и отсутствует позиция сверху, того, кто знает лучше. Своя собственная точка зрения формируется в процессе освоения разного, зачастую противоположного и спорного.', 'The cartel is dominated by horizontal connections and there is no position at the top, the one who knows best. One’s own point of view is formed in the process of mastering different, often opposite and controversial things.', 'The work of the cartel is structured by a leader who plans an even order of speeches and performs organizing and secretarial functions.', 'Работу картеля структурирует ведущий, планирующий равномерный порядок речей, выполняющий организовывающую и секретарские функции.', 'The work of the cartel is structured by a leader who plans an even order of speeches and performs organizing and secretarial functions.', 'IMPLEMENTATION', 'РЕАЛИЗАЦИЯ', 'IMPLEMENTATION', 'IN THE PROCESS OF PREPARATION 3 CARTELS ON THE FOLLOWING TOPICS:', 'В ПРОЦЕССЕ ПОДГОТОВКИ 3 КАРТЕЛЯ НА СЛЕДУЮЩИЕ ТЕМЫ:', 'IN THE PROCESS OF PREPARATION 3 CARTELS ON THE FOLLOWING TOPICS:', 'how to understand contemporary art: a study of the cultural and historical context of its origins', 'как понять современное искусство: исследование культурно-исторического контекста его зарождения', 'how to understand contemporary art: a study of the cultural and historical context of its origins', 'how to listen to music?', 'как слушать музыку?', 'how to listen to music?', 'English for creative professions:
designers, artists, curators', 'английский для творческих профессий:
дизайнеров, художников, кураторов', 'English for creative professions:
designers, artists, curators', 'Art cartel is a form of joint study of something of interest, without a teacher or a dominant point of view.', 'Art cartel is a form of joint study of something of interest, without a teacher or a dominant point of view.', 'Арт-картель - это форма совместного изучения интересующего, без учителя и господствующей точки зрения.', 'In a small group format of 8-10 people, we independently study the material and discuss it in online meetings.', 'In a small group format of 8-10 people, we independently study the material and discuss it in online meetings.', 'В формате малой группы 8-10 человек мы самостоятельно изучаем материал и обсуждаем его на онлайн-встречах.');

-- Таблица: points_art_diving
CREATE TABLE IF NOT EXISTS "points_art_diving" ("id" integer NOT NULL PRIMARY KEY AUTOINCREMENT, "name" varchar(200) NOT NULL, "name_ru" varchar(200) NULL, "name_en" varchar(200) NULL, "description" text NOT NULL, "description_ru" text NULL, "description_en" text NULL, "about_title" text NOT NULL, "about_title_ru" text NULL, "about_title_en" text NULL, "about_1" text NOT NULL, "about_1_ru" text NULL, "about_1_en" text NULL, "about_2" text NOT NULL, "about_2_ru" text NULL, "about_2_en" text NULL, "about_3" text NOT NULL, "about_3_ru" text NULL, "about_3_en" text NULL, "details_title" text NOT NULL, "details_title_ru" text NULL, "details_title_en" text NULL, "details_1" text NOT NULL, "details_1_ru" text NULL, "details_1_en" text NULL, "details_2" text NOT NULL, "details_2_ru" text NULL, "details_2_en" text NULL, "details_3" text NOT NULL, "details_3_ru" text NULL, "details_3_en" text NULL, "about_b1" text NOT NULL, "about_b1_en" text NULL, "about_b1_ru" text NULL, "about_b2" text NOT NULL, "about_b2_en" text NULL, "about_b2_ru" text NULL, "about_b3" text NOT NULL, "about_b3_en" text NULL, "about_b3_ru" text NULL, "details_b1" text NOT NULL, "details_b2" text NOT NULL, "details_b3" text NOT NULL, "details_b1_en" text NULL, "details_b1_ru" text NULL, "details_b2_en" text NULL, "details_b2_ru" text NULL, "details_b3_en" text NULL, "details_b3_ru" text NULL, "we_can" text NOT NULL, "we_can_1" text NOT NULL, "we_can_1_en" text NULL, "we_can_1_ru" text NULL, "we_can_2" text NOT NULL, "we_can_2_en" text NULL, "we_can_2_ru" text NULL, "we_can_3" text NOT NULL, "we_can_3_en" text NULL, "we_can_3_ru" text NULL, "we_can_4" text NOT NULL, "we_can_4_en" text NULL, "we_can_4_ru" text NULL, "we_can_en" text NULL, "we_can_ru" text NULL, "we_can_1_title" text NOT NULL, "we_can_1_title_en" text NULL, "we_can_1_title_ru" text NULL, "we_can_2_title" text NOT NULL, "we_can_2_title_en" text NULL, "we_can_2_title_ru" text NULL, "we_can_3_title" text NOT NULL, "we_can_3_title_en" text NULL, "we_can_3_title_ru" text NULL, "we_can_4_title" text NOT NULL, "we_can_4_title_en" text NULL, "we_can_4_title_ru" text NULL, "impl_ext_1" text NOT NULL, "impl_ext_1_en" text NULL, "impl_ext_1_ru" text NULL, "impl_ext_2" text NOT NULL, "impl_ext_2_en" text NULL, "impl_ext_2_ru" text NULL, "impl_ext_3" text NOT NULL, "impl_ext_3_en" text NULL, "impl_ext_3_ru" text NULL, "impl_ext_4" text NOT NULL, "impl_ext_4_en" text NULL, "impl_ext_4_ru" text NULL, "impl_ext_5" text NOT NULL, "impl_ext_5_en" text NULL, "impl_ext_5_ru" text NULL, "impl_header" text NOT NULL, "impl_header_en" text NULL, "impl_header_ru" text NULL, "impl_title_1" text NOT NULL, "impl_title_1_en" text NULL, "impl_title_1_ru" text NULL, "impl_title_2" text NOT NULL, "impl_title_2_en" text NULL, "impl_title_2_ru" text NULL, "impl_title_3" text NOT NULL, "impl_title_3_en" text NULL, "impl_title_3_ru" text NULL, "impl_title_4" text NOT NULL, "impl_title_4_en" text NULL, "impl_title_4_ru" text NULL, "impl_title_5" text NOT NULL, "impl_title_5_en" text NULL, "impl_title_5_ru" text NULL);
INSERT INTO points_art_diving (id, name, name_ru, name_en, description, description_ru, description_en, about_title, about_title_ru, about_title_en, about_1, about_1_ru, about_1_en, about_2, about_2_ru, about_2_en, about_3, about_3_ru, about_3_en, details_title, details_title_ru, details_title_en, details_1, details_1_ru, details_1_en, details_2, details_2_ru, details_2_en, details_3, details_3_ru, details_3_en, about_b1, about_b1_en, about_b1_ru, about_b2, about_b2_en, about_b2_ru, about_b3, about_b3_en, about_b3_ru, details_b1, details_b2, details_b3, details_b1_en, details_b1_ru, details_b2_en, details_b2_ru, details_b3_en, details_b3_ru, we_can, we_can_1, we_can_1_en, we_can_1_ru, we_can_2, we_can_2_en, we_can_2_ru, we_can_3, we_can_3_en, we_can_3_ru, we_can_4, we_can_4_en, we_can_4_ru, we_can_en, we_can_ru, we_can_1_title, we_can_1_title_en, we_can_1_title_ru, we_can_2_title, we_can_2_title_en, we_can_2_title_ru, we_can_3_title, we_can_3_title_en, we_can_3_title_ru, we_can_4_title, we_can_4_title_en, we_can_4_title_ru, impl_ext_1, impl_ext_1_en, impl_ext_1_ru, impl_ext_2, impl_ext_2_en, impl_ext_2_ru, impl_ext_3, impl_ext_3_en, impl_ext_3_ru, impl_ext_4, impl_ext_4_en, impl_ext_4_ru, impl_ext_5, impl_ext_5_en, impl_ext_5_ru, impl_header, impl_header_en, impl_header_ru, impl_title_1, impl_title_1_en, impl_title_1_ru, impl_title_2, impl_title_2_en, impl_title_2_ru, impl_title_3, impl_title_3_en, impl_title_3_ru, impl_title_4, impl_title_4_en, impl_title_4_ru, impl_title_5, impl_title_5_en, impl_title_5_ru) VALUES (1, 'Art diving', 'Арт-дайвинг', 'Art diving', 'Art diving is an audio session of immersing yourself in a painting within the walls of a gallery. The viewer approaches the painting, points his smartphone at the QR code next to the painting, puts on headphones and starts a mediation session.', 'Арт-даивинг – это аудио-сеансы погружения в картину в стенах галереи. Зритель подходит к картине, наводит свой смартфон на QR-код рядом с картиной, надевает наушники и запускает сеанс медиации.', 'Art diving is an audio session of immersing yourself in a painting within the walls of a gallery. The viewer approaches the painting, points his smartphone at the QR code next to the painting, puts on headphones and starts a mediation session.', 'ART DIVING IS AN AUDIO SESSION OF DIVING INTO A PICTURE IN THE WALLS OF A GALLERY.', 'АРТ-ДАЙВИНГ - ЭТО АУДИО-СЕАНСЫ ПОГРУЖЕНИЯ В КАРТИНУ В СТЕНАХ ГАЛЕРЕИ.', 'ART DIVING IS AN AUDIO SESSION OF DIVING INTO A PICTURE IN THE WALLS OF A GALLERY.', 'Music appears as a tuning fork, setting the viewer up for leisurely contemplation.
The voice draws his attention to the details of the work.', 'Музыка проступает в качестве камертона, настраивая зрителя на неспешное созерцание.
Голос обращает его внимание на детали произведения.', 'Music appears as a tuning fork, setting the viewer up for leisurely contemplation.
The voice draws his attention to the details of the work.', 'During art mediation, the perception of the work is transformed. Shifting from quick assessments of “beautiful/ugly”, “like/dislike” to the questions “what do I feel and what do I think about while contemplating the work”?', 'В ходе арт-медиации преображается восприятие произведения. Смещаясь от беглых оценок “красиво/некрасиво”, “нравится/не нравится” к вопросам “что я чувствую и о чём я думаю, созерцая произведение”?', 'During art mediation, the perception of the work is transformed. Shifting from quick assessments of “beautiful/ugly”, “like/dislike” to the questions “what do I feel and what do I think about while contemplating the work”?', 'At the end of the session, the viewer is invited to share the artistic impression that has arisen using an integrated service for sending text or voice messages.', 'По окончании сеанса зрителю предлагается поделиться возникшим художественным впечатлением с помощью интегрированного сервиса отправки текстовых или голосовых сообщений.', 'At the end of the session, the viewer is invited to share the artistic impression that has arisen using an integrated service for sending text or voice messages.', 'ART DIVING IS A SESSION OF IMMERSION AND EMOTIONAL CONNECTION WITH AN OBJECT OF ART.', 'АРТ-ДАЙВИНГ - ЭТО СЕАНС ПОГРУЖЕНИЯ И ЭМОЦИОНАЛЬНОГО СБЛИЖЕНИЯ С ОБЪЕКТОМ ИСКУССТВА.', 'ART DIVING IS A SESSION OF IMMERSION AND EMOTIONAL CONNECTION WITH AN OBJECT OF ART.', 'It is no secret that the organization of a gallery and exhibition space is not always able to provide the most important thing: the opportunity to be alone with the work.', 'Не секрет, что организация галерейно-выставочного пространства не всегда способна обеспечить самое главное: возможность уединиться с произведением.', 'It is no secret that the organization of a gallery and exhibition space is not always able to provide the most important thing: the opportunity to be alone with the work.', 'On the other hand, the viewer is also modest. Holding your attention in front of a painting for even 10 minutes is still not a common and common way to visit exhibitions.', 'С другой стороны, и зритель скромен. Задерживать внимание напротив картины даже на 10 минут до сих пор не является привычным и распространенным способом посещения выставок.', 'On the other hand, the viewer is also modest. Holding your attention in front of a painting for even 10 minutes is still not a common and common way to visit exhibitions.', 'However, getting closer to a work of art takes time. Just as painting a picture is a long process, during which the number of layers applied sometimes exceeds a hundred, until a result satisfactory to the artist is achieved. It is logical to assume that the process of perception could also strive towards the temporal equivalence of the process of creation.', 'Однако, сближение с произведением искусства требует времени. Подобно тому, как написание картины - длительный процесс, в ходе которого количество наносимых слоев превышает порой сотню, пока не будет достигнут удовлетворяющий художника результат. Логично предположить, что и процесс восприятия мог бы устремляться к временной равнозначности процесса создания.', 'However, getting closer to a work of art takes time. Just as painting a picture is a long process, during which the number of layers applied sometimes exceeds a hundred, until a result satisfactory to the artist is achieved. It is logical to assume that the process of perception could also strive towards the temporal equivalence of the process of creation.', 'the viewer approaches the painting', 'the viewer approaches the painting', 'зритель подходит к картине', 'points his smartphone at the QR code next to the painting', 'points his smartphone at the QR code next to the painting', 'наводит свой смартфон на QR-код рядом с картиной', 'puts on headphones and starts a mediation session', 'puts on headphones and starts a mediation session', 'надевает наушники и запускает сеанс медиации', 'sets the mood for leisurely contemplation of the work', 'provokes the viewer to question his own artistic impression', 'arouses feelings and mental associations', 'sets the mood for leisurely contemplation of the work', 'настраивает на неспешное созерцание произведения', 'provokes the viewer to question his own artistic impression', 'провоцирует в зрителе вопрошание о его собственном художественном впечатлении', 'arouses feelings and mental associations', 'возбуждает чувства и мыслительный ассоциативный ряд', 'WHAT DO WE CAN?', 'During meditation, we make each viewer a highly sensitive “sensor” that reflects the artistic impression of the work', 'During meditation, we make each viewer a highly sensitive “sensor” that reflects the artistic impression of the work', 'В ходе медитации делаем из каждого зрителя высокочувствительный “сенсор”, отражающий художественное впечатление от произведения', 'We can write music or sound accompaniment', 'We can write music or sound accompaniment', 'Можем написать музыкальное или звуковое сопровождение', 'We can provide an actor''s translation in 3 languages (Russian, English, French)', 'We can provide an actor''s translation in 3 languages (Russian, English, French)', 'Можем сопроводить актёрским переводом на 3-х языках (русский, английский, французский)', 'Present mentally, emotionally, materially (a work of art can be an object of investment)', 'Present mentally, emotionally, materially (a work of art can be an object of investment)', 'Преподнести ментально, эмоционально, материально (произведение искусства может быть объектом вложений)', 'WHAT DO WE CAN?', 'ЧТО МЫ УМЕЕМ?', '1. Conduct art mediation', '1. Conduct art mediation', '1. Провести арт-медиацию', '2. Supplement auditory', '2. Supplement auditory', '2. Дополнить аудиально', '3. Translate', '3. Translate', '3. Перевести', '4. Present', '4. Present', '4. Преподнести', 'galleries of the Aslamazyan sisters', 'galleries of the Aslamazyan sisters', 'галереи сестер Асламазян', 'documentary photographer’s exhibition “Russia of the 2000s: a random shot”', 'documentary photographer’s exhibition “Russia of the 2000s: a random shot”', 'выставки документального фотографа «Россия нулевых: случайный кадр»', 'sculptures "Elena"', 'sculptures "Elena"', 'скульптуры «Елена»', 'paintings “100 years of memories”', 'paintings “100 years of memories”', 'картины «100 лет воспоминаний»', 'painting by Iranian artist “Missing Foundations”', 'painting by Iranian artist “Missing Foundations”', 'полотно иранской художницы «Отсутствующие основания»', 'IMPLEMENTATION', 'IMPLEMENTATION', 'РЕАЛИЗАЦИЯ', 'Aslamazyan sisters', 'Aslamazyan sisters', 'Сестры Асламазян', 'Dmitry Nesmelov', 'Dmitry Nesmelov', 'Дмитрий Несмелов', 'Jevo Brothers', 'Jevo Brothers', 'Братья Jevo', 'Artem Sargisyan', 'Artem Sargisyan', 'Артем Саргисян', 'Shirin Heidarinezhad', 'Shirin Heidarinezhad', 'Shirin Heidarinezhad');

-- Таблица: points_naive_questions
CREATE TABLE IF NOT EXISTS "points_naive_questions" ("id" integer NOT NULL PRIMARY KEY AUTOINCREMENT, "name" varchar(200) NOT NULL, "description" text NOT NULL, "about_title" text NOT NULL, "about_1" text NOT NULL, "about_2" text NOT NULL, "details_title" text NOT NULL, "details_1" text NOT NULL, "about_1_en" text NULL, "about_1_ru" text NULL, "about_2_en" text NULL, "about_2_ru" text NULL, "about_title_en" text NULL, "about_title_ru" text NULL, "description_en" text NULL, "description_ru" text NULL, "details_1_en" text NULL, "details_1_ru" text NULL, "details_title_en" text NULL, "details_title_ru" text NULL, "impl_ext_1" text NOT NULL, "impl_ext_1_en" text NULL, "impl_ext_1_ru" text NULL, "impl_ext_2" text NOT NULL, "impl_ext_2_en" text NULL, "impl_ext_2_ru" text NULL, "impl_ext_3" text NOT NULL, "impl_ext_3_en" text NULL, "impl_ext_3_ru" text NULL, "impl_header" text NOT NULL, "impl_header_en" text NULL, "impl_header_ru" text NULL, "impl_title_1" text NOT NULL, "impl_title_1_en" text NULL, "impl_title_1_ru" text NULL, "impl_title_2" text NOT NULL, "impl_title_2_en" text NULL, "impl_title_2_ru" text NULL, "impl_title_3" text NOT NULL, "impl_title_3_en" text NULL, "impl_title_3_ru" text NULL, "name_en" varchar(200) NULL, "name_ru" varchar(200) NULL, "we_can" text NOT NULL, "we_can_1" text NOT NULL, "we_can_1_en" text NULL, "we_can_1_ru" text NULL, "we_can_1_title" text NOT NULL, "we_can_1_title_en" text NULL, "we_can_1_title_ru" text NULL, "we_can_2" text NOT NULL, "we_can_2_en" text NULL, "we_can_2_ru" text NULL, "we_can_2_title" text NOT NULL, "we_can_2_title_en" text NULL, "we_can_2_title_ru" text NULL, "we_can_3" text NOT NULL, "we_can_3_en" text NULL, "we_can_3_ru" text NULL, "we_can_3_title" text NOT NULL, "we_can_3_title_en" text NULL, "we_can_3_title_ru" text NULL, "we_can_en" text NULL, "we_can_ru" text NULL);
INSERT INTO points_naive_questions (id, name, description, about_title, about_1, about_2, details_title, details_1, about_1_en, about_1_ru, about_2_en, about_2_ru, about_title_en, about_title_ru, description_en, description_ru, details_1_en, details_1_ru, details_title_en, details_title_ru, impl_ext_1, impl_ext_1_en, impl_ext_1_ru, impl_ext_2, impl_ext_2_en, impl_ext_2_ru, impl_ext_3, impl_ext_3_en, impl_ext_3_ru, impl_header, impl_header_en, impl_header_ru, impl_title_1, impl_title_1_en, impl_title_1_ru, impl_title_2, impl_title_2_en, impl_title_2_ru, impl_title_3, impl_title_3_en, impl_title_3_ru, name_en, name_ru, we_can, we_can_1, we_can_1_en, we_can_1_ru, we_can_1_title, we_can_1_title_en, we_can_1_title_ru, we_can_2, we_can_2_en, we_can_2_ru, we_can_2_title, we_can_2_title_en, we_can_2_title_ru, we_can_3, we_can_3_en, we_can_3_ru, we_can_3_title, we_can_3_title_en, we_can_3_title_ru, we_can_en, we_can_ru) VALUES (1, 'Naive questions for the artist', 'Naive questions for the artist are video interviews in which the artist reveals himself from a human perspective.', 'NAIVE QUESTIONS FOR THE ARTIST is a VIDEO INTERVIEW IN WHICH THE ARTIST IS DISCOVERED FROM A HUMAN PERSPECTIVE.', 'A person is not interested in an artist, but in a person: with a human destiny, understandable joys and difficulties. The context in which the works were created, the conditions and circumstances that shaped the artist’s worldview are interesting.', 'The project “Naive Questions for the Artist” shows and talks about what precedes the birth of works - about the winding paths of an artist’s life. The viewer hears the artist’s voice, sees his facial expressions and gestures, recognizes his worldview and is able to look through the artist’s eyes at his work and feel the concept.', 'The “Naive Questions” project gives the viewer the opportunity to attune themselves to the perception of the artist’s works and think about the most ambitious and controversial work - the artist’s picture of the world', 'Through “naive questions” the artist becomes closer to the viewer.
The viewer is not offered an interpretation or a way to understand the artist''s work.
The viewer gets acquainted with the life of the artist, independently highlighting the components that form the whole - the artist and his work.', 'A person is not interested in an artist, but in a person: with a human destiny, understandable joys and difficulties. The context in which the works were created, the conditions and circumstances that shaped the artist’s worldview are interesting.', 'Человеку интересен не художник, а именно человек: с человеческой судьбой, понятными радостями и сложностями. Интересен контекст, в котором создавались произведения, условия и обстоятельства сформировавшие мировоззрение артиста.', 'The project “Naive Questions for the Artist” shows and talks about what precedes the birth of works - about the winding paths of an artist’s life. The viewer hears the artist’s voice, sees his facial expressions and gestures, recognizes his worldview and is able to look through the artist’s eyes at his work and feel the concept.', 'Проект “Наивные вопросы художнику” показывает и рассказывает о том, что предшествует рождению произведений - об извилистых тропах жизни художника. Зритель слышит голос художника, видит его мимику и жесту, узнаёт его мировоззрение и оказывается способен посмотреть глазами художника на его произведение, прочувствовать замысел.', 'NAIVE QUESTIONS FOR THE ARTIST is a VIDEO INTERVIEW IN WHICH THE ARTIST IS DISCOVERED FROM A HUMAN PERSPECTIVE.', 'НАИВНЫЕ ВОПРОСЫ ХУДОЖНИКУ - это ВИДЕОИНТЕРВЬЮ, НА КОТОРЫХ ХУДОЖНИК РАСКРЫВАЕТСЯ С ЧЕЛОВЕЧЕСКОГО РАКУРСА.', 'Naive questions for the artist are video interviews in which the artist reveals himself from a human perspective.', 'Наивные вопросы художнику - это видеоинтервью, на которых художник раскрывается с человеческого ракурса.', 'Through “naive questions” the artist becomes closer to the viewer.
The viewer is not offered an interpretation or a way to understand the artist''s work.
The viewer gets acquainted with the life of the artist, independently highlighting the components that form the whole - the artist and his work.', 'Сквозь “наивные вопросы” художник становится ближе зрителю.
Зрителю не предлагается интерпретация или способ понимания произведения художника.
Зритель знакомится с жизнью художника самостоятельно выделяя слагаемые образовавшие целое - художника и его произведения.', 'The “Naive Questions” project gives the viewer the opportunity to attune themselves to the perception of the artist’s works and think about the most ambitious and controversial work - the artist’s picture of the world', 'Проект “наивные вопросы” открывает зрителю возможность настроить себя на восприятие работ художника и задуматься над самой масштабной и противоречивой работой - над картиной мира художника', 'Japanese artist', 'Japanese artist', 'японская художница', 'photographer', 'photographer', 'фотограф', 'artist', 'artist', 'художник', 'IMPLEMENTATION', 'IMPLEMENTATION', 'РЕАЛИЗАЦИЯ', 'Ayumi Adachi', 'Ayumi Adachi', 'Ayumi Adachi', 'Hayk Adamyan', 'Hayk Adamyan', 'Айк Адамян', 'Alexey Manukyan', 'Alexey Manukyan', 'Алексей Манукян', 'Naive questions for the artist', 'Наивные вопросы художнику', 'WHAT DO WE CAN?', 'We solve the problem of conflict with the artist: the artist is a person, the context of his biography is the forerunner of what he creates', 'We solve the problem of conflict with the artist: the artist is a person, the context of his biography is the forerunner of what he creates', 'Решаем проблему конфликта с художником: художник - человек, контекст его биографии - это предтеча им создаваемого', '1. Reveal the artist', '1. Reveal the artist', '1. Раскрыть художника', 'We have video creativity - we use both material shot on camera and AI experiments, so that it looks like an artist', 'We have video creativity - we use both material shot on camera and AI experiments, so that it looks like an artist', 'У нас видео-творчество – используем и снятый на камеру материал, и эксперименты AI, так, чтобы выглядело под стать художнику', '2. Convey visually', '2. Convey visually', '2. Передать визуально', 'The artist must also be found for related queries. Dubbing in English is carried out', 'The artist must also be found for related queries. Dubbing in English is carried out', 'Художник должен быть найден и по смежным запросам. Осуществляется дубляж на английском языке', '3. Checkout', '3. Checkout', '3. Оформить', 'WHAT DO WE CAN?', 'ЧТО МЫ УМЕЕМ?');

-- Таблица: points_team
CREATE TABLE IF NOT EXISTS "points_team" ("id" integer NOT NULL PRIMARY KEY AUTOINCREMENT, "photo" varchar(100) NOT NULL, "name" varchar(200) NOT NULL, "role" text NOT NULL, "name_en" varchar(200) NULL, "name_ru" varchar(200) NULL, "role_en" text NULL, "role_ru" text NULL, "user_number" integer NOT NULL);
INSERT INTO points_team (id, photo, name, role, name_en, name_ru, role_en, role_ru, user_number) VALUES (1, 'team/team-photo-1_Y1I4Dt8.png', 'Smirnov Mikhail', 'Digital artist: creating music. substrates for art diving in the gallery of the Aslamazyan sisters', 'Smirnov Mikhail', 'Смирнов Михаил', 'Digital artist: creating music. substrates for art diving in the gallery of the Aslamazyan sisters', 'Digital artist: создание муз. подложки для арт-дайвинга в галерее сестер Асламазян', 1);
INSERT INTO points_team (id, photo, name, role, name_en, name_ru, role_en, role_ru, user_number) VALUES (2, 'team/team-photo-2_n1ZxMhF.png', 'Gunina Anna', 'Design: laboratory identity, business card website design development', 'Gunina Anna', 'Гунина Анна', 'Design: laboratory identity, business card website design development', 'Дизайн: айдентика лаборатории, разработка дизайна сайта-визитки', 2);
INSERT INTO points_team (id, photo, name, role, name_en, name_ru, role_en, role_ru, user_number) VALUES (3, 'team/team-photo-3_LV0h7qX.png', 'Stepanov Alexey', 'Sound engineer: sound effects for the film “Missing Foundations”', 'Stepanov Alexey', 'Степанов Алексей', 'Sound engineer: sound effects for the film “Missing Foundations”', 'Sound engineer: звуковые эффекты для картины “Отсутствующие основания”', 3);
INSERT INTO points_team (id, photo, name, role, name_en, name_ru, role_en, role_ru, user_number) VALUES (4, 'team/team-photo-4_Bk76Rjf.png', 'Manukyan Arthur', 'Musician, sound director: music for art diving at the exhibition “Russia of the 2000s: random shot”', 'Manukyan Arthur', 'Манукян Артур', 'Musician, sound director: music for art diving at the exhibition “Russia of the 2000s: random shot”', 'Музыкант, звуко-режиссер: музыка к арт-дайвингу на выставке “Россия нулевых: случайный кадр”', 4);
INSERT INTO points_team (id, photo, name, role, name_en, name_ru, role_en, role_ru, user_number) VALUES (5, 'team/team-photo-5_T9xdWL3.png', 'Saifulina Rose', 'Video editing of “Naive questions for the artist”, digitization of paintings from the Aslamazyan gallery for art diving', 'Saifulina Rose', 'Сайфулина Роза', 'Video editing of “Naive questions for the artist”, digitization of paintings from the Aslamazyan gallery for art diving', 'Видеомонтаж “Наивных вопросов художнику”, оцифровка картин галереи Асламазян для арт-дайвинга', 5);
INSERT INTO points_team (id, photo, name, role, name_en, name_ru, role_en, role_ru, user_number) VALUES (6, 'team/team-photo-6_g67cKkR.png', 'Volodina Daria', 'Cameraman and photographer of "Naive Questions for the Artist"', 'Volodina Daria', 'Володина Дарья', 'Cameraman and photographer of "Naive Questions for the Artist"', 'Оператор и фотограф "Наивных вопросов художнику"', 6);
INSERT INTO points_team (id, photo, name, role, name_en, name_ru, role_en, role_ru, user_number) VALUES (7, 'team/team-photo-7_7jlVsQ1.png', 'Henry', 'Voice acting in foreign languages', 'Henry', 'Henry', 'Voice acting in foreign languages', 'Озвучка на иностранных языках', 7);
INSERT INTO points_team (id, photo, name, role, name_en, name_ru, role_en, role_ru, user_number) VALUES (8, 'team/team-photo-8_sIZJkah.png', 'Lucile', 'Voice acting in foreign languages', 'Lucile', 'Lucile', 'Voice acting in foreign languages', 'Озвучка на иностранных языках', 8);
INSERT INTO points_team (id, photo, name, role, name_en, name_ru, role_en, role_ru, user_number) VALUES (9, 'team/team-photo-9_cYLsVyT.png', 'Gunyavin Andrey', 'Laboratory curator', 'Gunyavin Andrey', 'Гунявин Андрей', 'Laboratory curator', 'Куратор лаборатории', 9);

-- Индекс: auth_group_permissions_group_id_b120cbf9
CREATE INDEX IF NOT EXISTS "auth_group_permissions_group_id_b120cbf9" ON "auth_group_permissions" ("group_id");

-- Индекс: auth_group_permissions_group_id_permission_id_0cd325b0_uniq
CREATE UNIQUE INDEX IF NOT EXISTS "auth_group_permissions_group_id_permission_id_0cd325b0_uniq" ON "auth_group_permissions" ("group_id", "permission_id");

-- Индекс: auth_group_permissions_permission_id_84c5c92e
CREATE INDEX IF NOT EXISTS "auth_group_permissions_permission_id_84c5c92e" ON "auth_group_permissions" ("permission_id");

-- Индекс: auth_permission_content_type_id_2f476e4b
CREATE INDEX IF NOT EXISTS "auth_permission_content_type_id_2f476e4b" ON "auth_permission" ("content_type_id");

-- Индекс: auth_permission_content_type_id_codename_01ab375a_uniq
CREATE UNIQUE INDEX IF NOT EXISTS "auth_permission_content_type_id_codename_01ab375a_uniq" ON "auth_permission" ("content_type_id", "codename");

-- Индекс: auth_user_groups_group_id_97559544
CREATE INDEX IF NOT EXISTS "auth_user_groups_group_id_97559544" ON "auth_user_groups" ("group_id");

-- Индекс: auth_user_groups_user_id_6a12ed8b
CREATE INDEX IF NOT EXISTS "auth_user_groups_user_id_6a12ed8b" ON "auth_user_groups" ("user_id");

-- Индекс: auth_user_groups_user_id_group_id_94350c0c_uniq
CREATE UNIQUE INDEX IF NOT EXISTS "auth_user_groups_user_id_group_id_94350c0c_uniq" ON "auth_user_groups" ("user_id", "group_id");

-- Индекс: auth_user_user_permissions_permission_id_1fbb5f2c
CREATE INDEX IF NOT EXISTS "auth_user_user_permissions_permission_id_1fbb5f2c" ON "auth_user_user_permissions" ("permission_id");

-- Индекс: auth_user_user_permissions_user_id_a95ead1b
CREATE INDEX IF NOT EXISTS "auth_user_user_permissions_user_id_a95ead1b" ON "auth_user_user_permissions" ("user_id");

-- Индекс: auth_user_user_permissions_user_id_permission_id_14a6b632_uniq
CREATE UNIQUE INDEX IF NOT EXISTS "auth_user_user_permissions_user_id_permission_id_14a6b632_uniq" ON "auth_user_user_permissions" ("user_id", "permission_id");

-- Индекс: django_admin_log_content_type_id_c4bce8eb
CREATE INDEX IF NOT EXISTS "django_admin_log_content_type_id_c4bce8eb" ON "django_admin_log" ("content_type_id");

-- Индекс: django_admin_log_user_id_c564eba6
CREATE INDEX IF NOT EXISTS "django_admin_log_user_id_c564eba6" ON "django_admin_log" ("user_id");

-- Индекс: django_content_type_app_label_model_76bd3d3b_uniq
CREATE UNIQUE INDEX IF NOT EXISTS "django_content_type_app_label_model_76bd3d3b_uniq" ON "django_content_type" ("app_label", "model");

-- Индекс: django_session_expire_date_a5c62663
CREATE INDEX IF NOT EXISTS "django_session_expire_date_a5c62663" ON "django_session" ("expire_date");

COMMIT TRANSACTION;
PRAGMA foreign_keys = on;
